Model,Accuracy,Precision,Recall,F1-score,AUC
DenseNet121,0.747,0.6756756756756757,0.95,0.7896924355777224,0.9278679999999999
MobileNetV2,0.633,0.5775962660443408,0.99,0.7295504789977892,0.830696
ResNet50,0.509,0.5052023121387283,0.874,0.6402930402930402,0.43056399999999995
EfficientNetB0,0.5,0.5,1.0,0.6666666666666666,0.626486
ConvNeXtTiny,0.494,0.4966292134831461,0.884,0.6359712230215827,0.448932
