accuracy,precision,recall,f1,auc
0.798,0.7306501547987616,0.944,0.8237347294938918,0.938052
